{
  "pretax_income": {
    "bottom_50_share": 11.110096513741537,
    "middle_40_share": 47.324444498991184,
    "top_10_share": 41.565458987267284,
    "top_1_share": 11.918680693752163,
    "total": 15398199128749.16
  },
  "posttax_income": {
    "bottom_50_share": 11.988717109567187,
    "middle_40_share": 48.096143160726626,
    "top_10_share": 39.91513972970618,
    "top_1_share": 11.149674338637782,
    "total": 12522480418218.15
  },
  "market_income": {
    "bottom_50_share": 6.72059198616117,
    "middle_40_share": 48.552391689690644,
    "top_10_share": 44.72701632414818,
    "top_1_share": 12.978916744842117,
    "total": 14009525440725.82
  },
  "capital_income": {
    "bottom_50_share": -0.1314697952658778,
    "middle_40_share": 8.989172001614321,
    "top_10_share": 91.14229779365155,
    "top_1_share": 42.761114997715396,
    "total": 1442089829824.26
  }
}