{
  "budget_functions": {
    "MTS_BF_Education_Training_Employment_and_Social_Services": {
      "propensity": "HIGH",
      "desc": "Title I, Head Start, Pell, job training",
      "fy2020_real": 285.84153315911993,
      "fy2024_real": 305.02619944740997,
      "fy2025_real": 67.37340261775506,
      "change_20_25": -218.46813054136487,
      "pct_change": -76.42980644794885
    },
    "MTS_BF_Health": {
      "propensity": "HIGH",
      "desc": "Medicaid, CHIP, community health centers",
      "fy2020_real": 903.5599034515755,
      "fy2024_real": 911.68380434974,
      "fy2025_real": 953.1195909064515,
      "change_20_25": 49.5596874548761,
      "pct_change": 5.484936556564692
    },
    "MTS_BF_Income_Security": {
      "propensity": "HIGH",
      "desc": "SNAP, EITC, SSI, housing assistance, TANF",
      "fy2020_real": 1524.533152185528,
      "fy2024_real": 671.07599754226,
      "fy2025_real": 683.1225545540817,
      "change_20_25": -841.4105976314463,
      "pct_change": -55.191361134077255
    },
    "MTS_BF_Administration_of_Justice": {
      "propensity": "MID",
      "desc": "Federal courts, prisons, FBI",
      "fy2020_real": 87.06325143364582,
      "fy2024_real": 85.03401836719999,
      "fy2025_real": 82.93907158074813,
      "change_20_25": -4.124179852897683,
      "pct_change": -4.736992686335492
    },
    "MTS_BF_Agriculture": {
      "propensity": "MID",
      "desc": "Farm subsidies (mixed), food safety, USDA",
      "fy2020_real": 59.35163397112555,
      "fy2024_real": 34.7466709479,
      "fy2025_real": 48.03943965307955,
      "change_20_25": -11.312194318046004,
      "pct_change": -19.059617336819006
    },
    "MTS_BF_Community_and_Regional_Development": {
      "propensity": "MID",
      "desc": "CDBG, disaster relief, HUD programs",
      "fy2020_real": 100.9697356252401,
      "fy2024_real": 87.76619636841001,
      "fy2025_real": 82.30560260270342,
      "change_20_25": -18.66413302253669,
      "pct_change": -18.484878569763318
    },
    "MTS_BF_Medicare": {
      "propensity": "MID",
      "desc": "Medicare (universal 65+, skews older low-income)",
      "fy2020_real": 937.2868519943711,
      "fy2024_real": 874.1343357929201,
      "fy2025_real": 970.4921797912632,
      "change_20_25": 33.20532779689211,
      "pct_change": 3.5427070940168828
    },
    "MTS_BF_Natural_Resources_and_Environment": {
      "propensity": "MID",
      "desc": "EPA, clean water, public lands",
      "fy2020_real": 49.13373273966755,
      "fy2024_real": 56.89159071551,
      "fy2025_real": 85.9884622081396,
      "change_20_25": 36.854729468472044,
      "pct_change": 75.00901603333264
    },
    "MTS_BF_Social_Security": {
      "propensity": "MID",
      "desc": "Social Security (universal but progressive benefit)",
      "fy2020_real": 1323.193953874373,
      "fy2024_real": 1460.91370575269,
      "fy2025_real": 1539.0925798893554,
      "change_20_25": 215.89862601498248,
      "pct_change": 16.316476158526974
    },
    "MTS_BF_Transportation": {
      "propensity": "MID",
      "desc": "Highways, transit, FAA \u2014 public infrastructure",
      "fy2020_real": 176.48295007774917,
      "fy2024_real": 137.12224541169,
      "fy2025_real": 141.96776222137947,
      "change_20_25": -34.51518785636969,
      "pct_change": -19.557236458912378
    },
    "MTS_BF_Veterans_Benefits_and_Services": {
      "propensity": "MID",
      "desc": "Veterans (disproportionately working class)",
      "fy2020_real": 264.0478249538496,
      "fy2024_real": 325.36272750566997,
      "fy2025_real": 367.2374748625798,
      "change_20_25": 103.18964990873019,
      "pct_change": 39.07990907585235
    },
    "MTS_BF_Commerce_and_Housing_Credit": {
      "propensity": "LOW",
      "desc": "SBA, mortgage guarantees, FDIC",
      "fy2020_real": 690.2728443436605,
      "fy2024_real": 35.5675765434,
      "fy2025_real": -27.867411144835245,
      "change_20_25": -718.1402554884958,
      "pct_change": -104.03715883844926
    },
    "MTS_BF_Energy": {
      "propensity": "LOW",
      "desc": "DOE, nuclear, R&D",
      "fy2020_real": 8.655091966308328,
      "fy2024_real": 13.78967014844,
      "fy2025_real": 20.34227099195671,
      "change_20_25": 11.687179025648382,
      "pct_change": 135.03240717883827
    },
    "MTS_BF_General_Government": {
      "propensity": "LOW",
      "desc": "OPM, GSA, White House overhead",
      "fy2020_real": 213.51513260092605,
      "fy2024_real": 29.92828891959,
      "fy2025_real": 35.323989172379186,
      "change_20_25": -178.19114342854687,
      "pct_change": -83.45597862686292
    },
    "MTS_BF_General_Science_Space_and_Technology": {
      "propensity": "LOW",
      "desc": "NASA, NSF \u2014 long-term public good",
      "fy2020_real": 41.12555394292553,
      "fy2024_real": 41.56242836818,
      "fy2025_real": 40.97705327371574,
      "change_20_25": -0.14850066920978833,
      "pct_change": -0.36109098838128506
    },
    "MTS_BF_International_Affairs": {
      "propensity": "LOW",
      "desc": "State Dept, foreign aid, embassies",
      "fy2020_real": 81.69954006590126,
      "fy2024_real": 71.99237948496001,
      "fy2025_real": 43.98131816916457,
      "change_20_25": -37.718221896736694,
      "pct_change": -46.166994167056586
    },
    "MTS_BF_National_Defense": {
      "propensity": "LOW",
      "desc": "DoD, military procurement, R&D",
      "fy2020_real": 876.8244892343184,
      "fy2024_real": 874.04058508573,
      "fy2025_real": 892.5285415727459,
      "change_20_25": 15.70405233842746,
      "pct_change": 1.791014339955414
    },
    "MTS_BF_Net_Interest": {
      "propensity": "LOW",
      "desc": "Payments to bondholders \u2014 wealth-concentrating",
      "fy2020_real": 416.22928792809773,
      "fy2024_real": 881.6509950354599,
      "fy2025_real": 944.825454136882,
      "change_20_25": 528.5961662087842,
      "pct_change": 126.99638913927112
    }
  },
  "agencies": {
    "MTS_AG_Administration_for_Children_and_Families": {
      "propensity": "HIGH",
      "desc": "TANF, Head Start, child care",
      "fy2020_real": 73.43452336662581,
      "fy2024_real": 82.2381284705,
      "fy2025_real": 73.6849705924671,
      "change_20_25": 0.25044722584128465
    },
    "MTS_AG_Community_Planning_and_Development": {
      "propensity": "HIGH",
      "desc": "CDBG, homeless assistance",
      "fy2020_real": 10.65446376620947,
      "fy2024_real": 15.0805385706,
      "fy2025_real": 15.811530432377513,
      "change_20_25": 5.157066666168042
    },
    "MTS_AG_Dept_Housing_and_Urban_Development": {
      "propensity": "HIGH",
      "desc": "HUD overall \u2014 housing vouchers",
      "fy2020_real": 40.076900198026976,
      "fy2024_real": 51.97638340832,
      "fy2025_real": 49.2031857599609,
      "change_20_25": 9.126285561933926
    },
    "MTS_AG_Employment_and_Training_Administration": {
      "propensity": "HIGH",
      "desc": "Workforce training, unemployment",
      "fy2020_real": 683.6262223445184,
      "fy2024_real": 46.413055664160005,
      "fy2025_real": 46.23847876908983,
      "change_20_25": -637.3877435754285
    },
    "MTS_AG_Food_and_Nutrition_Service": {
      "propensity": "HIGH",
      "desc": "SNAP/food stamps \u2014 most direct",
      "fy2020_real": 137.93182685870164,
      "fy2024_real": 147.44651040248002,
      "fy2025_real": 144.41569670464497,
      "change_20_25": 6.483869845943332
    },
    "MTS_AG_Office_of_Elementary_and_Secondary_Education": {
      "propensity": "HIGH",
      "desc": "Title I schools, special ed",
      "fy2020_real": 40.49634101795771,
      "fy2024_real": 82.9910501681,
      "fy2025_real": 42.29375898003745,
      "change_20_25": 1.7974179620797415
    },
    "MTS_AG_Public_and_Indian_Housing_Programs": {
      "propensity": "HIGH",
      "desc": "Section 8, public housing",
      "fy2020_real": 39.10883595825551,
      "fy2024_real": 44.084911185610004,
      "fy2025_real": 48.05936715145511,