{
  "price_changes": {
    "New Vehicles": {
      "pre_tariff_yoy_pct": -0.3399442915594353,
      "post_tariff_yoy_pct": 0.37078941177788316,
      "acceleration_pct": 0.7107337033373184,
      "cumulative_since_jan25_pct": 0.37078941177788316,
      "tariff_period_bump_pct": 0.3002911889019577,
      "latest_date": "2026-01",
      "latest_index": 179.2
    },
    "Used Vehicles": {
      "pre_tariff_yoy_pct": 0.9290950875871395,
      "post_tariff_yoy_pct": -1.958992054778208,
      "acceleration_pct": -2.8880871423653476,
      "cumulative_since_jan25_pct": -1.958992054778208,
      "tariff_period_bump_pct": 1.8188596503339927,
      "latest_date": "2026-01",
      "latest_index": 181.269
    },
    "Apparel": {
      "pre_tariff_yoy_pct": 1.3235155587653535,
      "post_tariff_yoy_pct": 0.6043045074918263,
      "acceleration_pct": -0.7192110512735272,
      "cumulative_since_jan25_pct": 0.6043045074918263,
      "tariff_period_bump_pct": 0.25558670055001453,
      "latest_date": "2026-01",
      "latest_index": 129.854
    },
    "Footwear": {
      "pre_tariff_yoy_pct": 1.0288065843621519,
      "post_tariff_yoy_pct": 1.9540925854571345,
      "acceleration_pct": 0.9252860010949826,
      "cumulative_since_jan25_pct": 1.9540925854571345,
      "tariff_period_bump_pct": 0.1463469548576013,
      "latest_date": "2026-01",
      "latest_index": 148.176
    },
    "Household Furnishings": {
      "pre_tariff_yoy_pct": 0.47568138143827543,
      "post_tariff_yoy_pct": 3.930877965667956,
      "acceleration_pct": 3.4551965842296806,
      "cumulative_since_jan25_pct": 3.930877965667956,
      "tariff_period_bump_pct": 3.1908520460457,
      "latest_date": "2026-01",
      "latest_index": 154.328
    },
    "Consumer Electronics": {
      "pre_tariff_yoy_pct": -6.04813259789797,
      "post_tariff_yoy_pct": 1.5655577299412915,
      "acceleration_pct": 7.613690327839262,
      "cumulative_since_jan25_pct": 1.5655577299412915,
      "tariff_period_bump_pct": 1.6061243963375826,
      "latest_date": "2026-01",
      "latest_index": 34.773
    },
    "Toys and Games": {
      "pre_tariff_yoy_pct": 3.705483609874549,
      "post_tariff_yoy_pct": 5.543767225189633,
      "acceleration_pct": 1.8382836153150839,
      "cumulative_since_jan25_pct": 5.543767225189633,
      "tariff_period_bump_pct": 3.6455917110261193,
      "latest_date": "2026-01",
      "latest_index": 129.822
    },
    "Food at Home": {
      "pre_tariff_yoy_pct": 1.8447705832817185,
      "post_tariff_yoy_pct": 2.1787740052828575,
      "acceleration_pct": 0.33400342200113897,
      "cumulative_since_jan25_pct": 2.1787740052828575,
      "tariff_period_bump_pct": 1.6174329514299535,
      "latest_date": "2026-01",
      "latest_index": 317.589
    },
    "Food Away from Home": {
      "pre_tariff_yoy_pct": 3.381427065181164,
      "post_tariff_yoy_pct": 3.978089750007996,
      "acceleration_pct": 0.5966626848268319,
      "cumulative_since_jan25_pct": 3.978089750007996,
      "tariff_period_bump_pct": 2.950156129694581,
      "latest_date": "2026-01",
      "latest_index": 390.471
    },
    "Alcoholic Beverages": {
      "pre_tariff_yoy_pct": 1.3897450460247152,
      "post_tariff_yoy_pct": 1.998831851515348,
      "acceleration_pct": 0.6090868054906329,
      "cumulative_since_jan25_pct": 1.998831851515348,
      "tariff_period_bump_pct": 1.3543952692294248,
      "latest_date": "2026-01",
      "latest_index": 298.623
    },
    "Gasoline": {
      "pre_tariff_yoy_pct": -0.12586066484046032,
      "post_tariff_yoy_pct": -7.4914077768043486,
      "acceleration_pct": -7.365547111963888,
      "cumulative_since_jan25_pct": -7.4914077768043486,
      "tariff_period_bump_pct": -4.540522357910359,
      "latest_date": "2026-01",
      "latest_index": 274.547
    }
  },
  "headline_comparison": {
    "pre_tariff_yoy_pct": 2.9909783078999608,
    "post_tariff_yoy_pct": 2.391201432150014,
    "acceleration_pct": -0.5997768757499466
  },
  "tariff_burden_by_quintile": {
    "category_detail": [
      {
        "category": "New Vehicles",
        "price_change_pct": 0.3002911889019577,
        "Q1_cost": 3.282182694698398,
        "Q2_cost": 5.309148219786612,
        "Q3_cost": 7.972731065346977,
        "Q4_cost": 12.080714529525759,
        "Q5_cost": 17.66312773121315,
        "Q1_spend": 1093,
        "Q2_spend": 1768,
        "Q3_spend": 2655,
        "Q4_spend": 4023,
        "Q5_spend": 5882
      },
      {
        "category": "Used Vehicles",
        "price_change_pct": 1.8188596503339927,
        "Q1_cost": 22.66299124316155,
        "Q2_cost": 30.556842125611077,
        "Q3_cost": 39.050916692670825,
        "Q4_cost": 44.47111845066612,
        "Q5_cost": 45.52605704785984,
        "Q1_spend": 1246,
        "Q2_spend": 1680,
        "Q3_spend": 2147,
        "Q4_spend": 2445,
        "Q5_spend": 2503
      },
      {
        "category": "Apparel",
        "price_change_pct": 0.25558670055001453,
        "Q1_cost": 2.4459647242636393,
        "Q2_cost": 3.021034800501172,
        "Q3_cost": 3.923255853442723,
        "Q4_cost": 4.886817714516278,
        "Q5_cost": 8.286120831831472,
        "Q1_spend": 957,
        "Q2_spend": 1182,
        "Q3_spend": 1535,
        "Q4_spend": 1912,
        "Q5_spend": 3242
      },
      {
        "category": "Footwear",
        "price_change_pct": 0.1463469548576013,
        "Q1_cost": 0.33220758752675494,
        "Q2_cost": 0.41416188224701167,
        "Q3_cost": 0.5195316897444846,
        "Q4_cost": 0.6044129235618934,
        "Q5_cost": 0.8166160081054152,
        "Q1_spend": 227,
        "Q2_spend": 283,
        "Q3_spend": 355,
        "Q4_spend": 413,
        "Q5_spend": 558
      },
      {
        "category": "Household Furnishings",
        "price_change_pct": 3.1908520460457,
        "Q1_cost": 21.31489166758528,
        "Q2_cost": 31.52561821493152,
        "Q3_cost": 41.38535103721273,
        "Q4_cost": 61.23245076361699,
        "Q5_cost": 121.57146295434117,
        "Q1_spend": 668,
        "Q2_spend": 988,
        "Q3_spend": 1297,
        "Q4_spend": 1919,
        "Q5_spend": 3810
      },
      {
        "category": "Consumer Electronics",
        "price_change_pct": 1.6061243963375826,
        "Q1_cost": 8.865806667783456,
        "Q2_cost": 11.901381776861488,
        "Q3_cost": 13.844792296429961,
        "Q4_cost": 16.992796113251625,
        "Q5_cost": 23.385171210675203,
        "Q1_spend": 552,
        "Q2_spend": 741,
        "Q3_spend": 862,
        "Q4_spend": 1058,
        "Q5_spend": 1456
      },
      {
        "category": "Toys and Games",
        "price_change_pct": 3.6455917110261193,
        "Q1_cost": 12.504379568819589,
        "Q2_cost": 17.754031632697203,
        "Q3_cost": 27.48776150113694,
        "Q4_cost": 39.299478644861566,
        "Q5_cost": 76.44805818021773,
        "Q1_spend": 343,
        "Q2_spend": 487,
        "Q3_spend": 754,
        "Q4_spend": 1078,
        "Q5_spend": 2097
      },
      {
        "category": "Food at Home",
        "price_change_pct": 1.6174329514299535,
        "Q1_cost": 70.85973760214627,
        "Q2_cost": 82.55377784098482,
        "Q3_cost": 90.4791993029916,
        "Q4_cost": 99.50447517197074,
        "Q5_cost": 124.73642921427802,
        "Q1_spend": 4381,
        "Q2_spend": 5104,
        "Q3_spend": 5594,
        "Q4_spend": 6152,
        "Q5_spend": 7712
      },
      {
        "category": "Food Away from Home",
        "price_change_pct": 2.950156129694581,
        "Q1_cost": 65.8179832534861,
        "Q2_cost": 88.44568076824353,
        "Q3_cost": 109.06727211480866,
        "Q4_cost": 137.0937553469072,
        "Q5_cost": 222.6187815467531,
        "Q1_spend": 2231,
        "Q2_spend": 2998,
        "Q3_spend": 3697,
        "Q4_spend": 4647,
        "Q5_spend": 7546
      },
      {
        "category": "Alcoholic Beverages",
        "price_change_pct": 1.3543952692294248,
        "Q1_cost": 3.453707936535033,